F-Test Two-Sample for Variances,,,,,,,,t-Test: Two-Sample Assuming Unequal Variances,,,,t-Test: Two-Sample Assuming Unequal Variances,,
,,,,,,,,,,,,,,
,Variable 1,Variable 2,,,,,,,Variable 1,Variable 2,,,Variable 1,Variable 2
Mean,81.56978689,88.53379167,,,,,,Mean,81.56978689,88.53379167,,Mean,88.53379167,81.56978689
Variance,906.3622015,1207.125964,,,,,,Variance,906.3622015,1207.125964,,Variance,1207.125964,906.3622015
Observations,61,72,,,,,,Observations,61,72,,Observations,72,61
df,60,71,,,,,,Hypothesized Mean Difference,0,,,Hypothesized Mean Difference,0,
F,0.7508431,,,,,,,df,131,,,df,131,
P(F<=f) one-tail,0.127639394,,,,,,,t Stat,-1.238369989,,,t Stat,1.238369989,
F Critical one-tail,0.660316899,,,,,,,P(T<=t) one-tail,0.108896741,,,P(T<=t) one-tail,0.108896741,
,,,,,,,,t Critical one-tail,1.656568649,,,t Critical one-tail,1.656568649,
,,,,,,,,P(T<=t) two-tail,0.217793482,,,P(T<=t) two-tail,0.217793482,
,,,,,,,,t Critical two-tail,1.978238539,,,t Critical two-tail,1.978238539,
